{"cameraMode":{"drawMode":0,"name":"Shaded","section":"Shading Mode"},"sceneLighting":true,"audioPlay":false,"sceneViewState":{"showFog":true,"showMaterialUpdate":true,"showSkybox":true,"showFlares":true,"showImageEffects":true,"showParticleSystems":true},"in2DMode":false,"pivot":{"x":-283.6018371582031,"y":-44.12672805786133,"z":77.73416900634766},"rotation":{"x":-0.29892823100090029,"y":0.08517526090145111,"z":-0.026799185201525689,"w":-0.9500889182090759},"size":782.6435546875,"orthographic":false}